{
    "şırnak": {
        "last_lat": 37.707144999998405,
        "last_lng": 43.57689899999498
    },
    "şanlıurfa": {
        "last_lat": 37.92541599999713,
        "last_lng": 40.353941999994156
    },
    "hatay": {
        "last_lat": 36.99956599999717,
        "last_lng": 36.64285599999742
    },
    "kilis": {
        "last_lat": 37.005753999999136,
        "last_lng": 37.58571299999796
    },
    "hakkari": {
        "last_lat": 37.814895999998434,
        "last_lng": 44.79030899999685
    },
    "gaziantep": {
        "last_lat": 37.54924299999817,
        "last_lng": 38.158370999995796
    },
    "siirt": {
        "last_lat": 38.22769299999869,
        "last_lng": 42.908899999996116
    },
    "van": {
        "last_lat": 38.17870899999903,
        "last_lng": 44.13114999999613
    },
    "adıyaman": {
        "last_lat": 37.876037999999006,
        "last_lng": 38.76636799999688
    },
    "diyarbakır": {
        "last_lat": 37.86704599999924,
        "last_lng": 40.24863399999723
    }
}